Partner,URL,CATEGORIA
Exito,https://www.exito.com/mercado/frutas-y-verduras,Frutas y Verduras
Exito,https://www.exito.com/mercado/frutas-y-verduras?category-1=mercado&category-2=frutas-y-verduras&facets=category-1%2Ccategory-2&sort=score_desc&page=1,Frutas y Verduras
Exito,https://www.exito.com/mercado/frutas-y-verduras?category-1=mercado&category-2=frutas-y-verduras&facets=category-1%2Ccategory-2&sort=score_desc&page=2,Frutas y Verduras
Exito,https://www.exito.com/mercado/frutas-y-verduras?category-1=mercado&category-2=frutas-y-verduras&facets=category-1%2Ccategory-2&sort=score_desc&page=3,Frutas y Verduras
Exito,https://www.exito.com/mercado/frutas-y-verduras?category-1=mercado&category-2=frutas-y-verduras&facets=category-1%2Ccategory-2&sort=score_desc&page=4,Frutas y Verduras
Exito,https://www.exito.com/mercado/frutas-y-verduras?category-1=mercado&category-2=frutas-y-verduras&facets=category-1%2Ccategory-2&sort=score_desc&page=5,Frutas y Verduras
Exito,https://www.exito.com/mercado/frutas-y-verduras?category-1=mercado&category-2=frutas-y-verduras&facets=category-1%2Ccategory-2&sort=score_desc&page=6,Frutas y Verduras
Exito,https://www.exito.com/mercado/frutas-y-verduras?category-1=mercado&category-2=frutas-y-verduras&facets=category-1%2Ccategory-2&sort=score_desc&page=7,Frutas y Verduras
Exito,https://www.exito.com/mercado/frutas-y-verduras?category-1=mercado&category-2=frutas-y-verduras&facets=category-1%2Ccategory-2&sort=score_desc&page=8,Frutas y Verduras
Exito,https://www.exito.com/mercado/frutas-y-verduras?category-1=mercado&category-2=frutas-y-verduras&facets=category-1%2Ccategory-2&sort=score_desc&page=9,Frutas y Verduras
Exito,https://www.exito.com/mercado/frutas-y-verduras?category-1=mercado&category-2=frutas-y-verduras&facets=category-1%2Ccategory-2&sort=score_desc&page=10,Frutas y Verduras
Exito,https://www.exito.com/mercado/frutas-y-verduras?category-1=mercado&category-2=frutas-y-verduras&facets=category-1%2Ccategory-2&sort=score_desc&page=11,Frutas y Verduras
Exito,https://www.exito.com/mercado/frutas-y-verduras?category-1=mercado&category-2=frutas-y-verduras&facets=category-1%2Ccategory-2&sort=score_desc&page=12,Frutas y Verduras
Exito,https://www.exito.com/mercado/frutas-y-verduras?category-1=mercado&category-2=frutas-y-verduras&facets=category-1%2Ccategory-2&sort=score_desc&page=13,Frutas y Verduras
Exito,https://www.exito.com/mercado/frutas-y-verduras?category-1=mercado&category-2=frutas-y-verduras&facets=category-1%2Ccategory-2&sort=score_desc&page=14,Frutas y Verduras
Exito,https://www.exito.com/mercado/frutas-y-verduras?category-1=mercado&category-2=frutas-y-verduras&facets=category-1%2Ccategory-2&sort=score_desc&page=15,Frutas y Verduras
Exito,https://www.exito.com/mercado/frutas-y-verduras?category-1=mercado&category-2=frutas-y-verduras&facets=category-1%2Ccategory-2&sort=score_desc&page=16,Frutas y Verduras
Exito,https://www.exito.com/mercado/frutas-y-verduras?category-1=mercado&category-2=frutas-y-verduras&facets=category-1%2Ccategory-2&sort=score_desc&page=17,Frutas y Verduras
Exito,https://www.exito.com/mercado/frutas-y-verduras?category-1=mercado&category-2=frutas-y-verduras&facets=category-1%2Ccategory-2&sort=score_desc&page=18,Frutas y Verduras
Exito,https://www.exito.com/mercado/frutas-y-verduras?category-1=mercado&category-2=frutas-y-verduras&facets=category-1%2Ccategory-2&sort=score_desc&page=19,Frutas y Verduras
Exito,https://www.exito.com/mercado/frutas-y-verduras?category-1=mercado&category-2=frutas-y-verduras&facets=category-1%2Ccategory-2&sort=score_desc&page=20,Frutas y Verduras
Exito,https://www.exito.com/mercado/frutas-y-verduras?category-1=mercado&category-2=frutas-y-verduras&facets=category-1%2Ccategory-2&sort=score_desc&page=21,Frutas y Verduras
Exito,https://www.exito.com/mercado/frutas-y-verduras?category-1=mercado&category-2=frutas-y-verduras&facets=category-1%2Ccategory-2&sort=score_desc&page=22,Frutas y Verduras
Exito,https://www.exito.com/mercado/frutas-y-verduras?category-1=mercado&category-2=frutas-y-verduras&facets=category-1%2Ccategory-2&sort=score_desc&page=23,Frutas y Verduras
Exito,https://www.exito.com/mercado/frutas-y-verduras?category-1=mercado&category-2=frutas-y-verduras&facets=category-1%2Ccategory-2&sort=score_desc&page=24,Frutas y Verduras
Exito,https://www.exito.com/mercado/frutas-y-verduras?category-1=mercado&category-2=frutas-y-verduras&facets=category-1%2Ccategory-2&sort=score_desc&page=25,Frutas y Verduras
Exito,https://www.exito.com/mercado/frutas-y-verduras?category-1=mercado&category-2=frutas-y-verduras&facets=category-1%2Ccategory-2&sort=score_desc&page=26,Frutas y Verduras
Exito,https://www.exito.com/mercado/frutas-y-verduras?category-1=mercado&category-2=frutas-y-verduras&facets=category-1%2Ccategory-2&sort=score_desc&page=27,Frutas y Verduras
Exito,https://www.exito.com/mercado/frutas-y-verduras?category-1=mercado&category-2=frutas-y-verduras&facets=category-1%2Ccategory-2&sort=score_desc&page=28,Frutas y Verduras
Exito,https://www.exito.com/mercado/frutas-y-verduras?category-1=mercado&category-2=frutas-y-verduras&facets=category-1%2Ccategory-2&sort=score_desc&page=29,Frutas y Verduras
Exito,https://www.exito.com/mercado/frutas-y-verduras?category-1=mercado&category-2=frutas-y-verduras&facets=category-1%2Ccategory-2&sort=score_desc&page=30,Frutas y Verduras
Exito,https://www.exito.com/mercado/frutas-y-verduras?category-1=mercado&category-2=frutas-y-verduras&facets=category-1%2Ccategory-2&sort=score_desc&page=31,Frutas y Verduras
Exito,https://www.exito.com/mercado/frutas-y-verduras?category-1=mercado&category-2=frutas-y-verduras&facets=category-1%2Ccategory-2&sort=score_desc&page=32,Frutas y Verduras
Exito,https://www.exito.com/mercado/pollo-carne-y-pescado, Carnicos y  Pescados
Exito,https://www.exito.com/mercado/pollo-carne-y-pescado?category-1=mercado&category-2=pollo-carne-y-pescado&facets=category-1%2Ccategory-2&sort=score_desc&page=1, Carnicos y  Pescados
Exito,https://www.exito.com/mercado/pollo-carne-y-pescado?category-1=mercado&category-2=pollo-carne-y-pescado&facets=category-1%2Ccategory-2&sort=score_desc&page=2, Carnicos y  Pescados
Exito,https://www.exito.com/mercado/pollo-carne-y-pescado?category-1=mercado&category-2=pollo-carne-y-pescado&facets=category-1%2Ccategory-2&sort=score_desc&page=3, Carnicos y  Pescados
Exito,https://www.exito.com/mercado/pollo-carne-y-pescado?category-1=mercado&category-2=pollo-carne-y-pescado&facets=category-1%2Ccategory-2&sort=score_desc&page=4, Carnicos y  Pescados
Exito,https://www.exito.com/mercado/pollo-carne-y-pescado?category-1=mercado&category-2=pollo-carne-y-pescado&facets=category-1%2Ccategory-2&sort=score_desc&page=5, Carnicos y  Pescados
Exito,https://www.exito.com/mercado/pollo-carne-y-pescado?category-1=mercado&category-2=pollo-carne-y-pescado&facets=category-1%2Ccategory-2&sort=score_desc&page=6, Carnicos y  Pescados
Exito,https://www.exito.com/mercado/pollo-carne-y-pescado?category-1=mercado&category-2=pollo-carne-y-pescado&facets=category-1%2Ccategory-2&sort=score_desc&page=7, Carnicos y  Pescados
Exito,https://www.exito.com/mercado/pollo-carne-y-pescado?category-1=mercado&category-2=pollo-carne-y-pescado&facets=category-1%2Ccategory-2&sort=score_desc&page=8, Carnicos y  Pescados
Exito,https://www.exito.com/mercado/pollo-carne-y-pescado?category-1=mercado&category-2=pollo-carne-y-pescado&facets=category-1%2Ccategory-2&sort=score_desc&page=9, Carnicos y  Pescados
Exito,https://www.exito.com/mercado/pollo-carne-y-pescado?category-1=mercado&category-2=pollo-carne-y-pescado&facets=category-1%2Ccategory-2&sort=score_desc&page=10, Carnicos y  Pescados
Exito,https://www.exito.com/mercado/pollo-carne-y-pescado?category-1=mercado&category-2=pollo-carne-y-pescado&facets=category-1%2Ccategory-2&sort=score_desc&page=12, Carnicos y  Pescados
Exito,https://www.exito.com/mercado/pollo-carne-y-pescado?category-1=mercado&category-2=pollo-carne-y-pescado&facets=category-1%2Ccategory-2&sort=score_desc&page=13, Carnicos y  Pescados
Exito,https://www.exito.com/mercado/pollo-carne-y-pescado?category-1=mercado&category-2=pollo-carne-y-pescado&facets=category-1%2Ccategory-2&sort=score_desc&page=14, Carnicos y  Pescados
Exito,https://www.exito.com/mercado/pollo-carne-y-pescado?category-1=mercado&category-2=pollo-carne-y-pescado&facets=category-1%2Ccategory-2&sort=score_desc&page=15, Carnicos y  Pescados
Exito,https://www.exito.com/mercado/pollo-carne-y-pescado?category-1=mercado&category-2=pollo-carne-y-pescado&facets=category-1%2Ccategory-2&sort=score_desc&page=16, Carnicos y  Pescados
Exito,https://www.exito.com/mercado/pollo-carne-y-pescado?category-1=mercado&category-2=pollo-carne-y-pescado&facets=category-1%2Ccategory-2&sort=score_desc&page=17, Carnicos y  Pescados
Exito,https://www.exito.com/mercado/pollo-carne-y-pescado?category-1=mercado&category-2=pollo-carne-y-pescado&facets=category-1%2Ccategory-2&sort=score_desc&page=18, Carnicos y  Pescados
Exito,https://www.exito.com/mercado/pollo-carne-y-pescado?category-1=mercado&category-2=pollo-carne-y-pescado&facets=category-1%2Ccategory-2&sort=score_desc&page=19, Carnicos y  Pescados
Exito,https://www.exito.com/mercado/pollo-carne-y-pescado?category-1=mercado&category-2=pollo-carne-y-pescado&facets=category-1%2Ccategory-2&sort=score_desc&page=20, Carnicos y  Pescados
Exito,https://www.exito.com/mercado/pollo-carne-y-pescado?category-1=mercado&category-2=pollo-carne-y-pescado&facets=category-1%2Ccategory-2&sort=score_desc&page=21, Carnicos y  Pescados
Exito,https://www.exito.com/mercado/pollo-carne-y-pescado?category-1=mercado&category-2=pollo-carne-y-pescado&facets=category-1%2Ccategory-2&sort=score_desc&page=22, Carnicos y  Pescados
Exito,https://www.exito.com/mercado/pollo-carne-y-pescado?category-1=mercado&category-2=pollo-carne-y-pescado&facets=category-1%2Ccategory-2&sort=score_desc&page=23, Carnicos y  Pescados
Exito,https://www.exito.com/mercado/pollo-carne-y-pescado?category-1=mercado&category-2=pollo-carne-y-pescado&facets=category-1%2Ccategory-2&sort=score_desc&page=24, Carnicos y  Pescados
Exito,https://www.exito.com/mercado/pollo-carne-y-pescado?category-1=mercado&category-2=pollo-carne-y-pescado&facets=category-1%2Ccategory-2&sort=score_desc&page=25, Carnicos y  Pescados
Exito,https://www.exito.com/mercado/pollo-carne-y-pescado?category-1=mercado&category-2=pollo-carne-y-pescado&facets=category-1%2Ccategory-2&sort=score_desc&page=26, Carnicos y  Pescados
Exito,https://www.exito.com/mercado/pollo-carne-y-pescado?category-1=mercado&category-2=pollo-carne-y-pescado&facets=category-1%2Ccategory-2&sort=score_desc&page=27, Carnicos y  Pescados
Exito,https://www.exito.com/mercado/pollo-carne-y-pescado?category-1=mercado&category-2=pollo-carne-y-pescado&facets=category-1%2Ccategory-2&sort=score_desc&page=28, Carnicos y  Pescados
Exito,https://www.exito.com/mercado/pollo-carne-y-pescado?category-1=mercado&category-2=pollo-carne-y-pescado&facets=category-1%2Ccategory-2&sort=score_desc&page=29, Carnicos y  Pescados
Exito,https://www.exito.com/mercado/pollo-carne-y-pescado?category-1=mercado&category-2=pollo-carne-y-pescado&facets=category-1%2Ccategory-2&sort=score_desc&page=30, Carnicos y  Pescados
Exito,https://www.exito.com/mercado/pollo-carne-y-pescado?category-1=mercado&category-2=pollo-carne-y-pescado&facets=category-1%2Ccategory-2&sort=score_desc&page=31, Carnicos y  Pescados
Exito,https://www.exito.com/mercado/pollo-carne-y-pescado?category-1=mercado&category-2=pollo-carne-y-pescado&facets=category-1%2Ccategory-2&sort=score_desc&page=32, Carnicos y  Pescados
Exito,https://www.exito.com/mercado/pollo-carne-y-pescado?category-1=mercado&category-2=pollo-carne-y-pescado&facets=category-1%2Ccategory-2&sort=score_desc&page=33, Carnicos y  Pescados
Exito,https://www.exito.com/mercado/pollo-carne-y-pescado?category-1=mercado&category-2=pollo-carne-y-pescado&facets=category-1%2Ccategory-2&sort=score_desc&page=34, Carnicos y  Pescados
Exito,https://www.exito.com/mercado/pollo-carne-y-pescado?category-1=mercado&category-2=pollo-carne-y-pescado&facets=category-1%2Ccategory-2&sort=score_desc&page=35, Carnicos y  Pescados
Exito,https://www.exito.com/mercado/pollo-carne-y-pescado?category-1=mercado&category-2=pollo-carne-y-pescado&facets=category-1%2Ccategory-2&sort=score_desc&page=36, Carnicos y  Pescados
Exito,https://www.exito.com/mercado/pollo-carne-y-pescado?category-1=mercado&category-2=pollo-carne-y-pescado&facets=category-1%2Ccategory-2&sort=score_desc&page=37, Carnicos y  Pescados
Exito,https://www.exito.com/mercado/pollo-carne-y-pescado?category-1=mercado&category-2=pollo-carne-y-pescado&facets=category-1%2Ccategory-2&sort=score_desc&page=38, Carnicos y  Pescados
Exito,https://www.exito.com/mercado/pollo-carne-y-pescado?category-1=mercado&category-2=pollo-carne-y-pescado&facets=category-1%2Ccategory-2&sort=score_desc&page=39, Carnicos y  Pescados
Exito,https://www.exito.com/mercado/pollo-carne-y-pescado?category-1=mercado&category-2=pollo-carne-y-pescado&facets=category-1%2Ccategory-2&sort=score_desc&page=40, Carnicos y  Pescados
Exito,https://www.exito.com/mercado/pollo-carne-y-pescado?category-1=mercado&category-2=pollo-carne-y-pescado&facets=category-1%2Ccategory-2&sort=score_desc&page=41, Carnicos y  Pescados
Exito,https://www.exito.com/mercado/pollo-carne-y-pescado?category-1=mercado&category-2=pollo-carne-y-pescado&facets=category-1%2Ccategory-2&sort=score_desc&page=42, Carnicos y  Pescados
Exito,https://www.exito.com/s?q=dulces+y+postres&sort=score_desc&page=, Postres 
Exito,https://www.exito.com/s?q=dulces+y+postres&sort=score_desc&page=1 , Postres 
Exito,https://www.exito.com/s?q=dulces+y+postres&sort=score_desc&page=2, Postres 
Exito,https://www.exito.com/s?q=dulces+y+postres&sort=score_desc&page=3, Postres 
Exito,https://www.exito.com/s?q=dulces+y+postres&sort=score_desc&page=4, Postres 
Exito,https://www.exito.com/s?q=dulces+y+postres&sort=score_desc&page=5, Postres 
Exito,https://www.exito.com/s?q=dulces+y+postres&sort=score_desc&page=6, Postres 
Exito,https://www.exito.com/s?q=dulces+y+postres&sort=score_desc&page=7, Postres 
Exito,https://www.exito.com/s?q=dulces+y+postres&sort=score_desc&page=8, Postres 
Exito,https://www.exito.com/s?q=dulces+y+postres&sort=score_desc&page=9, Postres 
Exito,https://www.exito.com/s?q=dulces+y+postres&sort=score_desc&page=10, Postres 
Exito,https://www.exito.com/s?q=dulces+y+postres&sort=score_desc&page=11, Postres 
Exito,https://www.exito.com/s?q=dulces+y+postres&sort=score_desc&page=12, Postres 
Exito,https://www.exito.com/s?q=dulces+y+postres&sort=score_desc&page=13, Postres 
Exito,https://www.exito.com/s?q=dulces+y+postres&sort=score_desc&page=14, Postres 
Exito,https://www.exito.com/s?q=dulces+y+postres&sort=score_desc&page=15, Postres 
Exito,https://www.exito.com/s?q=dulces+y+postres&sort=score_desc&page=16, Postres 
Exito,https://www.exito.com/s?q=dulces+y+postres&sort=score_desc&page=17, Postres 
Exito,https://www.exito.com/s?q=dulces+y+postres&sort=score_desc&page=18, Postres 
Exito,https://www.exito.com/s?q=dulces+y+postres&sort=score_desc&page=19, Postres 
Exito,https://www.exito.com/s?q=dulces+y+postres&sort=score_desc&page=20, Postres 
Exito,https://www.exito.com/s?q=dulces+y+postres&sort=score_desc&page=21, Postres 
Exito,https://www.exito.com/s?q=dulces+y+postres&sort=score_desc&page=22, Postres 
Exito,https://www.exito.com/s?q=dulces+y+postres&sort=score_desc&page=23, Postres 
Exito,https://www.exito.com/s?q=dulces+y+postres&sort=score_desc&page=24, Postres 
Exito,https://www.exito.com/s?q=dulces+y+postres&sort=score_desc&page=25, Postres 
Exito,https://www.exito.com/s?q=dulces+y+postres&sort=score_desc&page=26, Postres 
Exito,https://www.exito.com/s?q=dulces+y+postres&sort=score_desc&page=27, Postres 
Exito,https://www.exito.com/s?q=dulces+y+postres&sort=score_desc&page=28, Postres 
Exito,https://www.exito.com/s?q=dulces+y+postres&sort=score_desc&page=29, Postres 
Exito,https://www.exito.com/s?q=dulces+y+postres&sort=score_desc&page=30, Postres 
Exito,https://www.exito.com/s?q=dulces+y+postres&sort=score_desc&page=31, Postres 
Exito,https://www.exito.com/s?q=dulces+y+postres&sort=score_desc&page=32, Postres 
Exito,https://www.exito.com/s?q=dulces+y+postres&sort=score_desc&page=33, Postres 
Exito,https://www.exito.com/s?q=dulces+y+postres&sort=score_desc&page=34, Postres 
Exito,https://www.exito.com/s?q=dulces+y+postres&sort=score_desc&page=35, Postres 
Exito,https://www.exito.com/s?q=dulces+y+postres&sort=score_desc&page=36, Postres 
Exito,https://www.exito.com/s?q=dulces+y+postres&sort=score_desc&page=37, Postres 
Exito,https://www.exito.com/s?q=dulces+y+postres&sort=score_desc&page=38, Postres 
Exito,https://www.exito.com/s?q=dulces+y+postres&sort=score_desc&page=39, Postres 
Exito,https://www.exito.com/s?q=dulces+y+postres&sort=score_desc&page=40, Postres 
Exito,https://www.exito.com/s?q=dulces+y+postres&sort=score_desc&page=41, Postres 
Exito,https://www.exito.com/s?q=dulces+y+postres&sort=score_desc&page=42, Postres 
Exito,https://www.exito.com/s?q=dulces+y+postres&sort=score_desc&page=43, Postres 
Exito,https://www.exito.com/s?q=dulces+y+postres&sort=score_desc&page=44, Postres 
Exito,https://www.exito.com/s?q=dulces+y+postres&sort=score_desc&page=45, Postres 
Exito,https://www.exito.com/s?q=dulces+y+postres&sort=score_desc&page=46, Postres 
Exito,https://www.exito.com/s?q=dulces+y+postres&sort=score_desc&page=47, Postres 
Exito,https://www.exito.com/s?q=dulces+y+postres&sort=score_desc&page=48, Postres 
Exito,https://www.exito.com/s?q=dulces+y+postres&sort=score_desc&page=49, Postres 
Exito,https://www.exito.com/mercado/bebidas, bebidas
Exito,https://www.exito.com/mercado/bebidas?category-1=mercado&category-2=bebidas&facets=category-1%2Ccategory-2&sort=score_desc&page=1, bebidas
Exito,https://www.exito.com/mercado/bebidas?category-1=mercado&category-2=bebidas&facets=category-1%2Ccategory-2&sort=score_desc&page=2, bebidas
Exito,https://www.exito.com/mercado/bebidas?category-1=mercado&category-2=bebidas&facets=category-1%2Ccategory-2&sort=score_desc&page=3, bebidas
Exito,https://www.exito.com/mercado/bebidas?category-1=mercado&category-2=bebidas&facets=category-1%2Ccategory-2&sort=score_desc&page=4, bebidas
Exito,https://www.exito.com/mercado/bebidas?category-1=mercado&category-2=bebidas&facets=category-1%2Ccategory-2&sort=score_desc&page=5, bebidas
Exito,https://www.exito.com/mercado/bebidas?category-1=mercado&category-2=bebidas&facets=category-1%2Ccategory-2&sort=score_desc&page=6, bebidas
Exito,https://www.exito.com/mercado/bebidas?category-1=mercado&category-2=bebidas&facets=category-1%2Ccategory-2&sort=score_desc&page=7, bebidas
Exito,https://www.exito.com/mercado/bebidas?category-1=mercado&category-2=bebidas&facets=category-1%2Ccategory-2&sort=score_desc&page=8, bebidas
Exito,https://www.exito.com/mercado/bebidas?category-1=mercado&category-2=bebidas&facets=category-1%2Ccategory-2&sort=score_desc&page=9, bebidas
Exito,https://www.exito.com/mercado/bebidas?category-1=mercado&category-2=bebidas&facets=category-1%2Ccategory-2&sort=score_desc&page=10, bebidas
Exito,https://www.exito.com/mercado/bebidas?category-1=mercado&category-2=bebidas&facets=category-1%2Ccategory-2&sort=score_desc&page=11, bebidas
Exito,https://www.exito.com/mercado/bebidas?category-1=mercado&category-2=bebidas&facets=category-1%2Ccategory-2&sort=score_desc&page=12, bebidas
Exito,https://www.exito.com/mercado/bebidas?category-1=mercado&category-2=bebidas&facets=category-1%2Ccategory-2&sort=score_desc&page=13, bebidas
Exito,https://www.exito.com/mercado/bebidas?category-1=mercado&category-2=bebidas&facets=category-1%2Ccategory-2&sort=score_desc&page=14, bebidas
Exito,https://www.exito.com/mercado/bebidas?category-1=mercado&category-2=bebidas&facets=category-1%2Ccategory-2&sort=score_desc&page=15, bebidas
Exito,https://www.exito.com/mercado/bebidas?category-1=mercado&category-2=bebidas&facets=category-1%2Ccategory-2&sort=score_desc&page=16, bebidas
Exito,https://www.exito.com/mercado/bebidas?category-1=mercado&category-2=bebidas&facets=category-1%2Ccategory-2&sort=score_desc&page=17, bebidas
Exito,https://www.exito.com/mercado/bebidas?category-1=mercado&category-2=bebidas&facets=category-1%2Ccategory-2&sort=score_desc&page=18, bebidas
Exito,https://www.exito.com/mercado/bebidas?category-1=mercado&category-2=bebidas&facets=category-1%2Ccategory-2&sort=score_desc&page=19, bebidas
Exito,https://www.exito.com/mercado/bebidas?category-1=mercado&category-2=bebidas&facets=category-1%2Ccategory-2&sort=score_desc&page=20, bebidas
Exito,https://www.exito.com/mercado/bebidas?category-1=mercado&category-2=bebidas&facets=category-1%2Ccategory-2&sort=score_desc&page=21, bebidas
Exito,https://www.exito.com/mercado/bebidas?category-1=mercado&category-2=bebidas&facets=category-1%2Ccategory-2&sort=score_desc&page=22, bebidas
Exito,https://www.exito.com/mercado/bebidas?category-1=mercado&category-2=bebidas&facets=category-1%2Ccategory-2&sort=score_desc&page=23, bebidas
Exito,https://www.exito.com/mercado/bebidas?category-1=mercado&category-2=bebidas&facets=category-1%2Ccategory-2&sort=score_desc&page=24, bebidas
Exito,https://www.exito.com/mercado/bebidas?category-1=mercado&category-2=bebidas&facets=category-1%2Ccategory-2&sort=score_desc&page=25, bebidas
Exito,https://www.exito.com/mercado/bebidas?category-1=mercado&category-2=bebidas&facets=category-1%2Ccategory-2&sort=score_desc&page=26, bebidas
Exito,https://www.exito.com/mercado/bebidas?category-1=mercado&category-2=bebidas&facets=category-1%2Ccategory-2&sort=score_desc&page=27, bebidas
Exito,https://www.exito.com/mercado/bebidas?category-1=mercado&category-2=bebidas&facets=category-1%2Ccategory-2&sort=score_desc&page=28, bebidas
Exito,https://www.exito.com/mercado/bebidas?category-1=mercado&category-2=bebidas&facets=category-1%2Ccategory-2&sort=score_desc&page=29, bebidas
Exito,https://www.exito.com/mercado/bebidas?category-1=mercado&category-2=bebidas&facets=category-1%2Ccategory-2&sort=score_desc&page=30, bebidas
Exito,https://www.exito.com/mercado/bebidas?category-1=mercado&category-2=bebidas&facets=category-1%2Ccategory-2&sort=score_desc&page=31, bebidas
Exito,https://www.exito.com/mercado/bebidas?category-1=mercado&category-2=bebidas&facets=category-1%2Ccategory-2&sort=score_desc&page=32, bebidas
Exito,https://www.exito.com/mercado/bebidas?category-1=mercado&category-2=bebidas&facets=category-1%2Ccategory-2&sort=score_desc&page=33, bebidas
Exito,https://www.exito.com/mercado/bebidas?category-1=mercado&category-2=bebidas&facets=category-1%2Ccategory-2&sort=score_desc&page=34, bebidas
Exito,https://www.exito.com/mercado/bebidas?category-1=mercado&category-2=bebidas&facets=category-1%2Ccategory-2&sort=score_desc&page=35, bebidas
Exito,https://www.exito.com/mercado/bebidas?category-1=mercado&category-2=bebidas&facets=category-1%2Ccategory-2&sort=score_desc&page=36, bebidas
Exito,https://www.exito.com/mercado/bebidas?category-1=mercado&category-2=bebidas&facets=category-1%2Ccategory-2&sort=score_desc&page=37, bebidas
Exito,https://www.exito.com/mercado/bebidas?category-1=mercado&category-2=bebidas&facets=category-1%2Ccategory-2&sort=score_desc&page=38, bebidas
Exito,https://www.exito.com/mercado/bebidas?category-1=mercado&category-2=bebidas&facets=category-1%2Ccategory-2&sort=score_desc&page=39, bebidas
Exito,https://www.exito.com/mercado/bebidas?category-1=mercado&category-2=bebidas&facets=category-1%2Ccategory-2&sort=score_desc&page=40, bebidas
Exito,https://www.exito.com/mercado/bebidas?category-1=mercado&category-2=bebidas&facets=category-1%2Ccategory-2&sort=score_desc&page=41, bebidas
Exito,https://www.exito.com/mercado/bebidas?category-1=mercado&category-2=bebidas&facets=category-1%2Ccategory-2&sort=score_desc&page=42, bebidas
Exito,https://www.exito.com/mercado/bebidas?category-1=mercado&category-2=bebidas&facets=category-1%2Ccategory-2&sort=score_desc&page=43, bebidas
Exito,https://www.exito.com/mercado/bebidas?category-1=mercado&category-2=bebidas&facets=category-1%2Ccategory-2&sort=score_desc&page=44, bebidas
Exito,https://www.exito.com/mercado/bebidas?category-1=mercado&category-2=bebidas&facets=category-1%2Ccategory-2&sort=score_desc&page=45, bebidas
Exito,https://www.exito.com/mercado/bebidas?category-1=mercado&category-2=bebidas&facets=category-1%2Ccategory-2&sort=score_desc&page=46, bebidas



